"chord","har_18_harmonicity","milne_13_harmonicity","parn_88_root_ambig","parn_94_complex","stolz_15_periodicity","bowl_18_min_freq_dist","huron_94_dyadic","hutch_78_roughness","parn_94_pure","seth_93_roughness","vass_01_roughness","jl_12_tonal","har_19_corpus","parn_94_mult","har_19_composite"
"59 60",0.941931969299264,0.707106787773169,2.04939015319192,0.0973320958807261,3.90689059560852,14.6839146725366,-1.428,0.486300084176412,0.253562223090102,0.59835260327581,1.71640733569443,4,11.2403421635513,2.69784050554206,0.514288241174479
"59 61",1.0943008651589,0.732423362285412,1.87082869338697,0.39405382551184,3.08496250072116,30.24098034881,-0.582,0.264498004690356,0.544229819193401,0.478835552980129,1.23943494122172,4,10.1417298748832,2.52587227352964,1.24283687795402
"58 61",1.00354157407174,0.712561151403412,2.04939015319192,0.398256547448771,2.32192809488736,44.1007502178271,0.594,0.125093836563789,0.648831502998627,0.42704364917774,1.15993065919086,3,9.85404780243143,2.52071548928402,1.33279644498779
"58 62",1.0699768326589,0.7335086989539,1.79743406854583,0.533939179079726,2,60.5828871583626,0.386,0.0777705748788746,0.72932776912526,0.355325843383768,0.951266661307462,3,9.85404780243143,2.35764994810816,1.52771030097112
"57 62",1.2521137715718,0.80404805919527,1.67332005306815,0.428709048580747,1.58496250072116,73.6647679174076,1.24,0.05603991807956,0.742977288929228,0.292219660133102,0.775746199049853,3,7.14599760132922,2.41851483262602,2.12872564974293
"57 63",0.942577195756562,0.710131347576048,2.04939015319192,0.528509698612761,2.56464150847248,91.1269837220809,-0.453,0.103020989422265,0.709092588300202,0.316724011852414,0.771531678287403,3,11.2403421635513,2.23344607018194,1.13635276083435
"56 63",1.2521137715718,0.80404805919527,1.67332005306815,0.526445686533782,1,103.474634932108,1.24,0.0291157784580692,0.821075044339675,0.204842691178943,0.533629239439252,3,3.97351481603073,2.42557261173492,2.45540293688598
"55 63",1.0699768326589,0.7335086989539,1.79743406854583,0.521849351328427,2.32192809488736,115.129265731206,0.386,0.104841926074305,0.699845299818817,0.297656333641686,0.634433325622787,3,9.294432014496,2.25226152405368,1.53378529359896
"55 64",1.00354157407174,0.712561151403412,2.04939015319192,0.546538122328582,1.58496250072116,133.629838921995,0.594,0.0740345549818558,0.745548378131122,0.265942939644323,0.53711077904625,3,11.2403421635513,2.3358662820767,1.29182301948544
"54 64",1.0943008651589,0.732423362285412,1.87082869338697,0.578217462763458,2.74592654816484,144.630345557053,-0.582,0.133460613312949,0.713694464482256,0.290972406291006,0.521271218898304,4,8.10484794762217,2.22565674576392,1.63685645843329
"54 65",0.941931969299264,0.707106787773169,2.04939015319192,0.513492126221863,3,164.231020077187,-1.428,0.242442497093554,0.681556186593561,0.311195517803457,0.508856936473435,4,11.2403421635513,2.19709149435978,0.909340034162347
"53 65",1.56429584559343,1,1.44913767461894,0.877702605293567,0,174.614115716502,0,0.0054092790495568,0.944542054551149,0.0550168698014833,0.118699915432456,3,3.91453466095555,2.18576218719225,3.05473037288288
"59 60 61",0.743182429003022,0.604909608600869,2.29128784747792,7.79090274787286e-05,6.96353226275596,14.6839146725366,-3.438,0.82163004057976,0.000584317706090465,1.61290398152505,4.39147687267599,12,11.2403421635513,1.29355805756543,-0.382708731536289
"59 60 62",0.759117620523861,0.610642420173434,2.29128784747792,0.086270993649075,4.15254579366392,14.6839146725366,-1.416,0.571013054295732,0.182559060697935,1.41759450795293,3.79637265138737,4,11.2403421635513,2.00800226791867,0.0516567814209072
"58 59 62",0.768245513873647,0.609609079857975,2.20139815711603,0.148317540980799,5.57355726227518,13.8597698690171,-0.448,0.454682958858085,0.291605689314112,1.31381788834172,3.57245440094625,7,11.2403421635513,2.05138178206957,0.256359682597963
"58 59 63",0.898206959300817,0.709916008353518,2.04939015319192,0.228699436160992,3.90689059560852,13.8597698690171,0.198,0.408485277793912,0.383094211131266,1.16522475878108,3.16503305081648,3,11.2403421635513,2.14235296219966,0.562521847417332
"57 58 63",0.842879489623362,0.685685156085515,2.04939015319192,0.175626365593113,4.40203287133193,13.081880759045,-0.641,0.429127010671526,0.386669847316997,1.14732861779849,3.04387483180109,4,11.2403421635513,2.25881291563301,0.43060335778878
"57 58 64",0.842879489623361,0.685685156085516,2.04939015319192,0.224661754929809,5.15254579366392,13.081880759045,-0.641,0.410713862182823,0.430329436690713,1.05089251051002,2.78514374994136,4,11.2403421635513,2.20584677583872,0.460432847254458
"57 58 65",0.898206959300817,0.709916008353518,2.04939015319192,0.243304544803478,3.90689059560852,13.081880759045,0.198,0.409181944338068,0.424890057640979,1.00970675456524,2.60700602319439,3,11.2403421635513,2.14860186997811,0.561393240468185
"56 57 65",0.768245513873647,0.609609079857975,2.20139815711603,0.251082132167707,4.90689059560852,12.3476512100274,-0.448,0.439504856270482,0.38499564548289,1.08723695628604,2.66433509205418,7,11.2403421635513,2.03067703546465,0.280948364513156
"56 57 66",0.759117620523861,0.610642420173435,2.29128784747792,0.271404107724043,4.96353226275596,12.3476512100274,-1.416,0.451847935362199,0.365548340080389,1.07052221030395,2.53667424674684,4,11.2403421635513,2.00258897715685,0.244705496695488
"55 56 66",0.743182429003022,0.604909608600869,2.29128784747792,0.189496828730979,6.71190309536813,11.6546307990979,-3.438,0.567932054007852,0.312614064748673,1.1366829133054,2.55998450324423,12,11.2403421635513,2.21557774001235,0.0282846095837078
"55 56 67",0.941931969299264,0.707106787773169,2.04939015319192,0.380323071124105,3.90689059560852,11.6546307990979,-1.428,0.428667078328881,0.447813017831635,0.677076257915781,1.37467211556031,4,11.2403421635513,2.10725638069724,0.607654301946708
"58 60 61",0.759117620523861,0.610642420173435,2.29128784747792,0.0369472030425443,5.1329145639794,15.5570656762735,-1.416,0.587695947212129,0.117790029545414,1.45551988646657,3.87023907811907,4,11.2403421635513,2.40813781223814,0.0246303237343238
"58 60 62",0.879161456178333,0.61910156420523,2.12132034355964,0.227875682163196,3.7233083338141,28.5436845415537,-0.778,0.402995423404221,0.362372522735311,1.25765304677913,3.18478111318043,4,11.2403421635513,2.60435816766796,0.537515926827265
"58 60 63",0.934734306954438,0.704141113533179,2.04939015319192,0.219085070871379,3.64160416786859,28.5436845415537,1.252,0.291744220377056,0.413171367187283,1.10884458609598,2.86458806379416,3,8.34997040565515,2.66438457008121,1.07454842886573
"57 59 63",0.802289788464619,0.631533057415607,2.04939015319192,0.286636505807349,4.09973600612909,26.9416506280621,-0.649,0.306348767144523,0.453616044038789,1.10828660232013,2.75843457694801,3,11.2403421635513,2.49773733518138,0.557258803805238
"57 59 64",1.05597977834256,0.763252924065916,1.98431348329844,0.326540159832597,3.58496250072116,26.9416506280621,1.898,0.238377861752135,0.538605602253443,0.906571669647222,2.29144544475036,4,6.00923354669673,2.54589858292947,1.58565880845179
"56 58 64",0.802289788464618,0.631533057415607,2.20139815711603,0.247469023849079,4.3785697620348,25.4295319690724,-0.649,0.331216418874075,0.471061350425559,1.05465742152787,2.45949867607155,3,11.2403421635513,2.50218307576782,0.516972952867905
"56 58 65",0.934734306954438,0.704141113533179,1.92506684375924,0.369187529657826,3.64160416786859,25.4295319690724,1.252,0.259779239849117,0.519103969895548,0.900494803425742,2.10483827636337,3,8.84244689075295,2.37383511309724,1.08239156715766
"55 57 65",0.879161456178333,0.61910156420523,2.12132034355964,0.300998738171703,3.887259365924,24.0022820091254,-0.778,0.354385677466953,0.43199415774899,1.03198030753174,2.22789378706163,4,8.84244689075295,2.29870208257458,0.830212737376369
"55 57 66",0.759117620523861,0.610642420173434,2.29128784747792,0.285769405640487,3.58496250072116,24.0022820091254,-1.416,0.406858087492008,0.404565052108852,1.02520753162798,2.12680096064634,4,11.2403421635513,2.30282737685628,0.317589511829006
"54 56 66",1.0943008651589,0.732423362285412,1.87082869338697,0.526552977382813,3.05664166714744,22.6551374341554,-0.582,0.265220303727421,0.56096415257616,0.626888645691976,1.17594805907073,4,10.1417298748832,2.19875519706228,1.24166674610338
"58 61 62",0.768245513873647,0.609609079857975,2.20139815711603,0.127456895494213,4.98859476155403,16.4821369405355,-0.448,0.454592417223893,0.248212119171282,1.31171711920724,3.51673883112373,7,11.2403421635513,2.26590142977828,0.256506360974289
"57 60 62",0.934734306954438,0.704141113533179,1.92506684375924,0.150754774028018,4.04523642870147,32.039202616809,1.252,0.293276881356241,0.4089172041005,1.14359954397645,2.92313308307455,3,9.63090425111722,3.21608350042639,0.957776147048691
"57 60 63",0.727581329514965,0.587538205311477,2.50998007960223,0.130298006989744,3.78603390248028,41.6255653005986,0.735,0.229737007977609,0.438007175573005,1.09842138004683,2.80730711266278,3,6.13439668965074,3.22968573644858,1.00396543233947
"56 59 63",0.928588602237831,0.702134069832943,2.04939015319192,0.287732323151807,3.32192809488736,39.2893018380895,2.22,0.159975547229209,0.595684092803879,0.948194991584335,2.43401655096263,3,2.27105476343291,2.75399803344719,1.81945805937888
"56 59 64",0.928588602237831,0.702134069832941,1.87082869338697,0.179864167458111,2.32192809488736,39.2893018380895,2.22,0.191255986019109,0.49990586407129,0.951333822675649,2.30789976172827,1,4.06715042106472,2.86176959268674,1.60852955071729
"56 59 65",0.727581329514965,0.587538205311477,2.50998007960223,0.256491482471771,3.71190309536813,39.2893018380895,0.735,0.204458693078776,0.51173606578457,0.950724933223739,2.22321934585204,3,8.4071288194951,2.62942947822082,0.842135527640946
"55 58 65",0.934734306954438,0.704141113533179,2.04939015319192,0.290364373661825,3.1329145639794,37.0841627681703,1.252,0.199057934507344,0.558592597840371,0.880925002771849,2.00302813599434,3,8.1958197258279,2.63996499207784,1.23845502059857
"55 58 66",0.768245513873647,0.609609079857975,2.20139815711603,0.211522855784755,5.32192809488736,37.0841627681703,-0.448,0.32192753005973,0.452229114765017,0.988156513980632,2.08095520782801,7,11.2403421635513,2.6099502582035,0.471424839286502
"54 57 66",1.00354157407174,0.712561151403412,2.04939015319192,0.474047505406878,2.32192809488736,35.0027886441828,0.594,0.134556672866391,0.634170012167822,0.579992892941239,1.16243349054795,3,9.85404780243143,2.4199435906951,1.3174665530914
"57 61 62",0.898206959300817,0.709916008353518,2.04939015319192,0.164224488281669,3.58496250072116,16.4821369405355,0.198,0.410923760562206,0.326280028098193,1.19225765884192,3.16141680729997,3,11.2403421635513,2.33774421706144,0.558571480314513
"57 61 63",0.802289788464618,0.631533057415607,2.20139815711603,0.185826227482247,4.04309433898166,33.9443527452088,-0.649,0.284044972789612,0.462930539644637,1.08291994459545,2.67620550991625,3,11.2403421635513,3.0954464992323,0.593391179491159
"56 60 63",0.928588602237831,0.702134069832941,1.87082869338697,0.271929709831119,2,49.5014184214823,2.22,0.149261576715123,0.554857679142864,0.930022439665078,2.3857152410988,1,0.780243332100067,2.90243059258607,1.96983016214281
"56 60 64",0.863664232550099,0.614699522067637,2.20139815711603,0.321307519368862,4.32192809488736,53.9732165106261,1.158,0.170620877694266,0.543249022064178,0.942035224175835,2.26865799954863,7,7.55146270943738,2.64407455955008,1.21551580496151
"55 59 64",0.928588602237831,0.702134069832943,2.04939015319192,0.253094649752482,3.58496250072116,50.9439326371874,2.22,0.138755564520662,0.577148121629682,0.875932087750222,2.04753472656119,3,5.54324867704591,2.71606432645455,1.56187817205301
"55 59 65",0.802289788464619,0.631533057415607,2.04939015319192,0.336613044130369,3.93792706373901,50.9439326371874,-0.649,0.209182262101296,0.535410872350162,0.919916273991195,2.0205720898396,3,11.2403421635513,2.519149686486,0.714669538877626
"54 58 65",0.898206959300817,0.709916008353518,2.04939015319192,0.274152832497727,3,48.0846694032278,0.198,0.239846280029235,0.548331021520157,0.857218247140221,1.82197554381996,3,10.1417298748832,2.79575122856309,0.933740748368826
"54 58 66",1.0699768326589,0.7335086989539,1.79743406854583,0.499583127411115,2,48.0846694032278,0.386,0.107319767600197,0.67609862757247,0.535108895091272,1.06959981238032,3,9.85404780243143,2.48917276626371,1.47984030559576
"56 61 62",0.842879489623361,0.685685156085516,2.04939015319192,0.126101463061602,5.0686995379986,16.4821369405355,-0.641,0.428637020805321,0.346424269496239,1.16600789810624,3.00359910315065,4,9.63090425111722,2.31570495737801,0.57499677261634
"56 61 63",1.05597977834256,0.763252924065916,1.98431348329844,0.272462881860757,3.16395103210989,33.9443527452088,1.898,0.219750173576247,0.559299494482043,0.906038679661909,2.2557105355546,4,4.39446228828727,2.87696724931645,1.75991134023351
"55 60 63",0.928588602237831,0.702134069832943,2.04939015319192,0.169579496507099,3.90689059560852,49.5014184214823,2.22,0.184096277977744,0.507094412754307,0.957901752209272,2.30349432605133,3,5.68351410185178,3.17501955463063,1.47591078393806
"55 60 64",0.928588602237831,0.702134069832941,1.87082869338697,0.339020730145554,1.58496250072116,65.627847309724,2.22,0.135996230050186,0.594677712485796,0.858111052590192,2.01272940974797,1,3.66938358038231,2.70288283788173,1.73354105786985
"54 59 64",1.05597977834256,0.763252924065916,1.98431348329844,0.227263525592493,3.41558019949771,61.9444392722449,1.898,0.162151319682148,0.551335773687632,0.836296072690696,1.8483337945685,4,6.92285405001501,2.84836518497231,1.62763020225417
"54 59 65",0.842879489623362,0.685685156085515,2.04939015319192,0.203838638708502,4.16395103210989,61.9444392722449,-0.641,0.269476444095973,0.528501745888832,0.887579514279756,1.84726413526152,4,11.2403421635513,2.85252751269773,0.689238913613299
"54 59 66",1.2521137715718,0.80404805919527,1.67332005306815,0.434346859428391,1.58496250072116,61.9444392722449,1.24,0.0574041366266938,0.737541454208223,0.436722178444605,0.970146869200304,3,7.14599760132922,2.48650686236984,2.12651560170005
"55 61 62",0.842879489623362,0.685685156085515,2.04939015319192,0.172709827984724,4.23808183922204,16.4821369405355,-0.641,0.411021602379273,0.378075139107951,1.08882617084722,2.77830069510094,4,11.2403421635513,2.21477044723325,0.459934304978876
"55 61 63",0.802289788464619,0.631533057415607,2.04939015319192,0.173119833828484,3.92437973557323,33.9443527452088,-0.649,0.302207039938552,0.460324640027149,1.03359512018809,2.3691294021359,3,11.2403421635513,2.89468498228606,0.563968444371924
"55 61 64",0.727581329514965,0.587538205311477,2.50998007960223,0.205688922838589,3.62805683970281,52.4449259359978,0.735,0.189352666127715,0.490276810836406,0.930915543477585,2.16267630977447,3,8.60128483393606,2.75191911065087,0.849284174051019
"54 60 64",0.802289788464618,0.631533057415607,2.20139815711603,0.293210833030578,3.87371203775821,68.0019916122713,-0.649,0.206794872710877,0.552953896356857,0.915861433026404,2.00435131645906,3,11.2403421635513,2.55420060450885,0.71853713418408
"54 60 65",0.842879489623361,0.685685156085516,2.04939015319192,0.18983379433162,4.90474850588871,76.6283539447814,-0.641,0.262492214142009,0.513829734952131,0.860440145239737,1.7914541513379,4,11.2403421635513,2.70119980944777,0.700553437795052
"53 59 65",0.942577195756562,0.710131347576048,2.04939015319192,0.49166637044763,2.48373703727744,72.3275349115601,-0.453,0.120244846984398,0.67173639813506,0.532054532612184,1.10619374312973,3,11.2403421635513,2.29155427234256,1.10844993487152
"55 62 63",0.898206959300817,0.709916008353518,2.04939015319192,0.168161013099991,3.32192809488736,17.4622158046733,0.198,0.407580793396051,0.38463255622645,1.03513933326159,2.55716879879957,3,10.5471949829914,2.19504855057888,0.625832114181459
"54 61 63",0.934734306954438,0.704141113533179,2.04939015319192,0.242421824516714,3.05664166714744,33.9443527452088,1.252,0.234586588080342,0.547660406839187,0.901290912049168,2.05049716156934,3,10.5471949829914,3.03443026805045,0.971100390845044
"54 61 64",0.934734306954438,0.704141113533179,1.92506684375924,0.203655785108352,3.79958123064606,52.4449259359978,1.252,0.179225892234607,0.554834631182832,0.841647859712781,1.90041741490266,3,6.59595126440995,3.02630043226445,1.41332893919733
"53 60 64",0.898206959300817,0.709916008353518,2.04939015319192,0.284265248875643,3,68.0019916122713,0.198,0.231179900582926,0.59310842644754,0.830618845912228,1.76616866658781,3,11.2403421635513,2.73952878138677,0.849758377604888
"53 60 65",1.2521137715718,0.80404805919527,1.67332005306815,0.459013347440321,1,87.0114495840967,1.24,0.0465372337007789,0.770335836524988,0.397204393542263,0.916199492575052,3,3.97351481603073,2.36342911643978,2.42718000065331
"54 62 63",0.768245513873647,0.609609079857975,2.20139815711603,0.0996327106294701,5.24022392894185,17.4622158046733,-0.448,0.440541635462229,0.350233072925532,1.10708680315498,2.57458574779399,7,11.2403421635513,2.00798558639369,0.279268771585447
"53 61 63",0.879161456178333,0.61910156420523,2.12132034355964,0.204937309090937,3.3785697620348,33.9443527452088,-0.778,0.326415010765374,0.462814916356347,1.01470223243817,2.11994751403701,4,11.2403421635513,2.67166341808475,0.661576980996754
"53 61 64",0.768245513873647,0.609609079857975,2.20139815711603,0.129412791178781,4.6552614282207,52.4449259359978,-0.448,0.304574903277797,0.452213338916327,0.959781181868559,1.99508733911559,7,11.2403421635513,2.84637326709713,0.499536272706544
"53 61 65",1.0699768326589,0.7335086989539,1.79743406854583,0.471560841877958,2.32192809488736,72.0456004561318,0.386,0.107041109627435,0.697820851709497,0.519248214343475,1.15066698022237,3,9.294432014496,2.37096281100048,1.53022259367985
"53 62 63",0.759117620523861,0.610642420173434,2.29128784747792,0.0790864634491098,3.41558019949771,17.4622158046733,-1.416,0.464303359940674,0.360403103653493,1.11145958512668,2.47689320623725,4,11.2403421635513,1.86369680470043,0.224527581089033
"53 62 64",0.759117620523861,0.610642420173435,2.29128784747792,0.188142605411941,4.38997500048077,35.9627889954623,-1.416,0.371798467199884,0.496863993362014,0.986197009533669,1.97651158476651,4,11.2403421635513,2.92089745228023,0.374386456404577
"52 61 64",1.00354157407174,0.712561151403412,2.04939015319192,0.486169419455901,1.58496250072116,52.4449259359978,0.594,0.108921963110493,0.675158107678191,0.557525425010248,1.28738869958079,3,11.2403421635513,2.29587289874598,1.23530506038157
"52 62 63",0.743182429003022,0.604909608600869,2.29128784747792,0.0874575713564086,6.46624789731273,17.4622158046733,-3.438,0.577885416913508,0.369270712816553,1.15724702103121,2.45599211441322,12,11.2403421635513,1.6118252058285,0.0121600595577027
"52 62 64",1.0943008651589,0.732423362285412,1.87082869338697,0.44459898585018,2.60459373040568,35.9627889954623,-0.582,0.199713301915621,0.631975475241442,0.594363645522694,1.31595837288494,4,8.10484794762217,2.60037596705542,1.52952642316209
"52 63 64",0.941931969299264,0.707106787773169,2.04939015319192,0.271832114529639,3,18.500573190789,-1.428,0.368707189323443,0.479473424133539,0.697242641595089,1.69000450590629,4,11.2403421635513,1.97224213507404,0.704789937307946
"58 59 60 61",0.605158702580908,0.523491557266986,2.64575131106459,0,7.52985386969094,13.8597698690171,-4.854,1.05831201836206,0,3.04223995040492,8.15266640821507,12,11.2403421635513,0,-1.01180765580008
"58 59 60 62",0.651043182393322,0.547222968169105,2.44948974278318,0.0225377566817761,6.36888982224726,13.8597698690171,-3.04,0.846723473451425,0.104378604216374,2.77633790295949,7.35338254425612,12,11.2403421635513,1.80031889330864,-0.587361172399981
"58 59 60 63",0.716183176770707,0.624640991381892,2.36643191323985,0.0765903094749868,6.59561247114939,13.8597698690171,-1.218,0.740929771947968,0.191471236954129,2.55806225774992,6.83434974447703,12,11.2403421635513,1.92178367602327,-0.300030075391758
"58 59 60 64",0.70305787527733,0.62355296685609,2.36643191323985,0.0742958428647081,6.17448792758137,13.8597698690171,-2.265,0.730936322750346,0.255612037286086,2.4404520203093,6.44043473109221,12,11.2403421635513,1.87054828683092,-0.307202619421723
"57 58 59 64",0.759801626740419,0.690359410324648,2.29128784747792,0.139355416168643,6.9493718459691,13.081880759045,-1.411,0.716311917246919,0.311528677641123,2.33031727032397,6.14198870258605,12,11.2403421635513,1.88646613288422,-0.182511388460555
"57 58 59 65",0.70305787527733,0.62355296685609,2.36643191323985,0.121176305821584,6.77985386969094,13.081880759045,-2.265,0.74116588028342,0.312890669631572,2.32019184445579,5.97519559895698,12,11.2403421635513,1.95768634992944,-0.323774607577826
"57 58 59 66",0.716183176770706,0.624640991381891,2.22287572090485,0.151095863842728,6.76513044742754,13.081880759045,-1.218,0.723218415616223,0.302275769041811,2.25041814830813,5.71118650761251,12,11.2403421635513,1.89909318895068,-0.271337496420552
"56 57 58 66",0.651043182393322,0.547222968169106,2.44948974278318,0.0932304455554783,6.59561247114939,12.3476512100274,-3.04,0.778593340585582,0.260102221247998,2.37015666867866,5.81275926146157,12,11.2403421635513,2.20215074787997,-0.476989658160372
"56 57 58 67",0.605158702580908,0.523491557266986,2.64575131106459,0.0785291888817822,7.36888982224726,12.3476512100274,-4.854,0.844077981548532,0.208712172303066,2.38301506304959,5.68433794051181,12,11.2403421635513,2.2983069440779,-0.664746318178233
"55 56 57 67",0.743182429003022,0.604909608600869,2.29128784747792,0.176756283756527,6.9493718459691,11.6546307990979,-3.438,0.755743626376695,0.292548905627454,1.8108232428327,4.03074925872376,12,11.2403421635513,2.01805358588999,-0.275972064550331
"58 59 61 62",0.621098311109278,0.522359002525111,2.54195563720897,0,6.09113199415007,13.8597698690171,-1.864,0.774559516405975,0,2.71214077242397,7.2132929364067,7,11.2403421635513,0,-0.523754405556551
"58 59 61 63",0.751393406647986,0.64095561012541,2.22287572090485,0.0772444369022418,4.59113199415007,13.8597698690171,-0.372,0.621261629107047,0.180146865082653,2.42970557689755,6.32487480965565,3,11.2403421635513,2.05359488032656,-0.0434949361001993
"57 58 60 63",0.690686465348618,0.6227306588088,2.36643191323985,0.0589328156766113,4.85872932612292,13.081880759045,-0.035,0.57923900750741,0.207907082280042,2.38362660595923,6.1853304450873,3,11.2403421635513,1.98190722729798,-0.0834715772051728
"57 58 60 64",0.712418541856751,0.617308583056918,2.36643191323985,0.185984254351813,5.27537339269162,13.081880759045,-0.243,0.54475779574144,0.327197706558152,2.21911319304904,5.73315699350073,3,11.2403421635513,2.07975822650547,0.0110697760985324
"57 58 60 65",0.801958787793059,0.706575278810353,2.16024689946929,0.144878223648519,4.09113199415007,13.081880759045,1.45,0.53089092154092,0.314574254225963,2.10228303780514,5.35453638405748,1,11.2403421635513,2.12415754661652,0.192909054024228
"56 57 59 65",0.620877376111481,0.549232913137562,2.54195563720897,0.115483454884192,4.84113199415007,12.3476512100274,-0.889,0.589560202954557,0.311181736134855,2.25204948615045,5.51056399009417,7,11.2403421635513,2.34725879451428,-0.224446867144723
"56 57 59 66",0.723176680602414,0.621537043992771,2.22287572090485,0.194022853338905,5.27985386969094,12.3476512100274,-0.164,0.561623748580685,0.303577104047755,2.11428145826368,5.12645580784967,3,11.2403421635513,2.07287439771891,0.00289542481168126
"56 57 59 67",0.651043182393322,0.547222968169105,2.44948974278318,0.0935074442181464,6.19489136896978,12.3476512100274,-3.04,0.680067434327858,0.247640504584278,2.24202191445487,5.1792329981222,12,11.2403421635513,2.50131447210097,-0.317376679173404
"55 56 58 67",0.759117620523861,0.610642420173434,2.29128784747792,0.261788663601315,4.09113199415007,11.6546307990979,-1.416,0.561556960258552,0.321011543474808,1.66673113379695,3.56181072632244,4,11.2403421635513,1.9547154417217,0.0669757507781353
"57 58 61 62",0.715761225865771,0.619526938245365,2.36643191323985,0.00146664546723513,5.65689059560852,13.081880759045,-0.25,0.652519415738504,0.0109998410042635,2.48954319197714,6.62816448573132,7,11.2403421635513,1.29355805756543,-0.157555431651605
"57 58 61 63",0.719599648918748,0.620062636658239,2.22287572090485,0.0595431258011025,6.02824730240108,13.081880759045,-0.243,0.545099883993859,0.206272912234877,2.30208992763164,5.9384579236888,8,11.2403421635513,2.37683912899437,0.0232974117588538
"57 58 61 64",0.693042188490329,0.620735576199436,2.16024689946929,0.0777658244251549,5.26064997042823,13.081880759045,0.933,0.462052927815429,0.264569297482974,2.13468763763004,5.57059629604417,7,9.294432014496,2.43031527550823,0.284184926304903
"56 57 60 64",0.754353510193137,0.636943902696877,2.36643191323985,0.177328896956392,5.98737261933036,12.3476512100274,1.564,0.451240354342245,0.349572429346337,2.09753433166655,5.35465662155563,7,10.5471949829914,2.27006151814401,0.299055024394465
"56 57 60 65",0.731509773320763,0.620325482817263,2.16024689946929,0.0988844893144741,5.32640857188668,12.3476512100274,1.772,0.458805559389136,0.326877586103185,2.07234830026564,5.14204845235316,7,9.85404780243143,2.56233273073907,0.307984200337263
"56 57 60 66",0.620877376111481,0.549232913137561,2.36643191323985,0.122069133462311,5.9493718459691,12.3476512100274,-0.889,0.494074164173324,0.314042998792158,2.08932218800666,5.03100920641962,7,11.2403421635513,2.44075091550786,-0.069758504657899
"55 56 59 66",0.716183176770707,0.624640991381892,2.36643191323985,0.120569599306742,6.18016794670639,11.6546307990979,-1.218,0.550715649858609,0.287603229469335,2.07581997794447,4.8757890306124,12,11.2403421635513,2.49088568060264,0.00811875393903505
"55 56 59 67",0.768245513873647,0.609609079857975,2.20139815711603,0.221115099740572,5.65689059560852,11.6546307990979,-0.448,0.465633357040527,0.355445033340177,1.56058842588467,3.35176766071423,7,11.2403421635513,2.21079386091625,0.23861992519425
"57 58 62 63",0.768208277291536,0.593454267320329,2.36643191323985,0.0145523265442239,5.17448792758137,13.081880759045,-0.443,0.625989515425771,0.0854530730852358,2.28018830622483,5.98062318373391,4,11.2403421635513,2.45182020762915,-0.0212249748734987
"56 57 61 63",0.792841884635679,0.678210185899313,2.29128784747792,0.108176228139285,5.09113199415007,12.3476512100274,0.403,0.500472902780622,0.267601133363822,2.1139510212245,5.39302460080453,4,11.2403421635513,2.57024148885853,0.2259591651474
"56 57 61 64",0.815233587107258,0.593204732098435,2.16024689946929,0.0780729995463553,3.90689059560852,12.3476512100274,2.418,0.430208374492795,0.282997236851527,1.99922049413312,5.09951882758352,1,5.8331703920912,2.79248587547983,0.862090540012824
"56 57 61 65",0.754353510193137,0.636943902696878,2.16024689946929,0.173115396724314,4.65689059560852,12.3476512100274,1.564,0.431558278668864,0.336662701194673,1.98323957115871,4.89938730994275,7,9.85404780243143,2.41959203992931,0.392785181678
"55 56 60 65",0.801958787793059,0.706575278810353,2.29128784747792,0.129050794620365,5.09561247114939,11.6546307990979,1.45,0.437821734908631,0.322093847251618,1.9611051281885,4.71315544866275,3,9.44858269432326,2.50760430105268,0.503549078375025
"55 56 60 66",0.70305787527733,0.62355296685609,2.36643191323985,0.124503534345517,6.01064997042823,11.6546307990979,-2.265,0.545996237331644,0.321472690404201,2.03403094138127,4.68760502897018,12,11.2403421635513,2.61726267838964,-0.00759778360760022
"55 56 60 67",0.898206959300817,0.709916008353518,2.04939015319192,0.208457789780092,3.90689059560852,11.6546307990979,0.198,0.401749790763207,0.406174176244922,1.39004553093446,3.03593006379915,3,11.2403421635513,2.29380193351473,0.57343340551137
"56 57 62 63",0.740980563989747,0.570429584445242,2.36643191323985,0.0141698529159413,6.35872932612292,12.3476512100274,-1.282,0.628080052393781,0.0568980568318163,2.18528981343371,5.63307962464204,12,11.2403421635513,2.18667874564704,-0.0730749164679394
"56 57 62 64",0.792841884635678,0.678210185899313,2.29128784747792,0.10169973433791,5.10872932612292,12.3476512100274,0.403,0.504816935166045,0.264066623287497,2.00021776131893,4.96405240487172,4,10.5471949829914,2.58097959043582,0.280766780874229
"56 57 62 65",0.693042188490329,0.620735576199436,2.36643191323985,0.0589785908091293,5.42448792758137,12.3476512100274,0.933,0.458016862072061,0.238163812158621,1.97879655347111,4.84553818786556,7,11.2403421635513,2.71259497080365,0.117102549389202
"55 56 61 65",0.712418541856751,0.617308583056918,2.16024689946929,0.159675812833888,4.67448792758137,11.6546307990979,-0.243,0.458426552049962,0.325665687270375,1.96319120251176,4.66723098508343,1,8.93775707055727,2.50781760735388,0.35637189559117
"55 56 61 66",0.759801626740419,0.690359410324648,2.29128784747792,0.0735445025653438,6.77824730240108,11.6546307990979,-1.411,0.528321645642405,0.262556580599156,1.92820785106974,4.42660493141798,12,11.2403421635513,2.69431941304432,0.122034780268679
"55 56 61 67",0.842879489623362,0.685685156085515,2.04939015319192,0.199358067907129,4.27824730240108,11.6546307990979,-0.641,0.434398203545517,0.406101782520252,1.38425555006391,2.92930260407606,4,11.2403421635513,2.34608360350713,0.422063971251885
"56 57 63 64",0.768208277291536,0.593454267320329,2.36643191323985,0.0247420280784649,5.09113199415007,12.3476512100274,-0.443,0.610868869484831,0.147161249790981,2.03586753405988,5.15837559898033,4,11.2403421635513,2.79445980893901,0.00327062668460931
"55 56 62 64",0.719599648918748,0.620062636658239,2.36643191323985,0.115529692324076,5.51064997042823,11.6546307990979,-0.243,0.515711040005168,0.271673532930598,2.00140643974344,4.79239546776718,12,11.2403421635513,2.64317152366629,0.0709076405422144
"55 56 62 65",0.690686465348618,0.6227306588088,2.22287572090485,0.0703708012989078,6.02985386969094,11.6546307990979,-0.035,0.459400013916756,0.249987041300374,1.91160144543116,4.55507635695445,3,11.2403421635513,2.89432409401248,0.110668821927717
"55 56 62 66",0.70305787527733,0.62355296685609,2.36643191323985,0.156936137592436,6.36440934524794,11.6546307990979,-2.265,0.524162442816317,0.343372403869492,1.88626546570723,4.33035284723708,12,11.2403421635513,2.69149190238529,0.0277731875161246
"54 55 61 66",0.842879489623361,0.685685156085516,2.04939015319192,0.170751481868732,5.09113199415007,11.0005066350574,-0.641,0.406174259128313,0.408455739558512,1.31342001818932,2.81301477053598,4,11.2403421635513,2.59911501215681,0.467787050777878
"55 56 63 64",0.715761225865771,0.619526938245365,2.36643191323985,0.0111744716850231,5.48737261933036,11.6546307990979,-0.25,0.635311143322858,0.0629585869151519,2.09116287607173,5.06275866629449,7,11.2403421635513,2.54369996347372,-0.129677853785984
"55 56 63 65",0.751393406647986,0.64095561012541,2.36643191323985,0.117099544357496,4.6993718459691,11.6546307990979,-0.372,0.520608975878682,0.265256152080851,1.92472232588677,4.44406973464315,3,11.2403421635513,2.69505491125965,0.119563394799061
"54 55 62 65",0.716183176770706,0.624640991381891,2.22287572090485,0.0499799464285441,6.59113199415007,11.0005066350574,-1.218,0.546570202881435,0.215625208016432,1.95002273976033,4.4208701615971,12,11.2403421635513,2.84760909475493,0.0148344205732333
"54 55 62 66",0.898206959300817,0.709916008353518,2.04939015319192,0.257030055574682,3.90689059560852,11.0005066350574,0.198,0.412894734551859,0.423509870883992,1.31041255304234,2.78539021945922,3,11.2403421635513,2.42779002441552,0.555378482229609
"54 55 63 64",0.621098311109278,0.522359002525111,2.54195563720897,0.0105623520602856,5.84561247114939,11.0005066350574,-1.864,0.675267333844174,0.0645361621536713,2.1719411404157,5.01308019949737,7,11.2403421635513,1.98130551478769,-0.362900051095189
"54 55 63 65",0.651043182393322,0.547222968169106,2.44948974278318,0.0736942421510324,6.18016794670639,11.0005066350574,-3.04,0.631156979415616,0.251380822029704,2.05739292127171,4.47800202441529,12,11.2403421635513,2.95707043258359,-0.238141240407383
"54 55 63 66",0.768245513873647,0.609609079857975,2.20139815711603,0.112060753366038,4.65689059560852,11.0005066350574,-0.448,0.445480388435748,0.2868577895589,1.40297142398499,2.95276222091018,7,11.2403421635513,2.67920620346577,0.271267941098062
"54 55 64 65",0.605158702580908,0.523491557266986,2.64575131106459,0.00876649072600574,7.1993718459691,11.0005066350574,-4.854,0.767197137317434,0.077020725724904,2.18123844689071,4.80831030509475,12,11.2403421635513,1.64141425144454,-0.54019856174695
"53 54 63 65",0.759117620523861,0.610642420173435,2.29128784747792,0.185654294769996,4.6993718459691,10.3830956393153,-1.416,0.502938934093224,0.304854742112956,1.45331039237185,2.97053106259479,4,11.2403421635513,2.51297332143062,0.161937554571242
"53 54 64 65",0.743182429003022,0.604909608600869,2.29128784747792,0.0217806920818584,6.76064997042823,10.3830956393153,-3.438,0.660962210128204,0.0926762126822248,1.57533659363557,3.30846223624518,12,11.2403421635513,2.12280851327235,-0.122425197795789
"58 60 61 62",0.651043182393322,0.547222968169106,2.44948974278318,0.00542249428127444,6.43016794670639,15.5570656762735,-3.04,0.845574954004069,0.0406687071095583,2.76954236394148,7.27309118037638,12,11.2403421635513,1.29355805756543,-0.585500559111764
"57 59 60 62",0.723176680602414,0.621537043992771,2.22287572090485,0.0400517024939946,5.61888982224726,14.6839146725366,-0.164,0.662914015091654,0.131350921996844,2.56482213019299,6.65628942356486,3,11.2403421635513,2.38666087893627,-0.161195846147139
"57 59 60 63",0.620877376111481,0.549232913137561,2.36643191323985,0.054095817316825,5.77824730240108,14.6839146725366,-0.889,0.592903810824598,0.19365223897664,2.45017678173696,6.34162370276028,7,11.2403421635513,2.09513851229994,-0.229863546198712
"57 59 60 64",0.801958787793059,0.706575278810353,2.29128784747792,0.180443880850976,5.18016794670639,14.6839146725366,1.45,0.521254281380864,0.318721814760756,2.18038454344234,5.6811922008358,3,6.62522164671006,1.92720318812053,0.620297550897039
"56 58 59 64",0.712418541856751,0.617308583056918,2.16024689946929,0.0762968517099173,5.01064997042823,13.8597698690171,-0.243,0.583861525310971,0.284469825578274,2.28587189127949,5.72982804157902,1,11.2403421635513,1.90381886762013,-0.0522786669979173
"56 58 59 65",0.690686465348618,0.6227306588088,2.22287572090485,0.150655204110048,5.86888982224726,13.8597698690171,-0.035,0.556286542462319,0.309033484621741,2.16276960325397,5.38651226498873,3,11.2403421635513,1.90267784268337,-0.0462883483459712
"56 58 59 66",0.751393406647986,0.64095561012541,2.36643191323985,0.155741290038547,5.03840779852542,13.8597698690171,-0.372,0.581147977233944,0.287462622946853,2.13900586247974,5.18142398099319,3,11.2403421635513,1.93545438414217,0.0214895914895701
"55 57 58 66",0.621098311109278,0.522359002525111,2.54195563720897,0.113183732353235,5.93016794670639,13.081880759045,-1.864,0.670623420657792,0.240844378187977,2.27966895532301,5.31626164440704,7,11.2403421635513,2.1369737058559,-0.355376864087942
"55 57 58 67",0.759117620523861,0.610642420173435,2.29128784747792,0.264822356401948,5.18016794670639,13.081880759045,-1.416,0.528932856297371,0.344285578593497,1.68568898846662,3.75281438622379,4,11.2403421635513,1.85113904406624,0.119827133909833
"57 59 61 62",0.751393406647986,0.64095561012541,2.36643191323985,0.0170508149978319,4.87744375108173,16.4821369405355,-0.372,0.640287472085926,0.0700661981820767,2.49521904209484,6.42252582199757,3,11.2403421635513,1.55761964995733,-0.0743169969260438
"57 59 61 63",0.716686045757288,0.559941365521434,2.29128784747792,0.0982354012378967,4.57480200459682,26.9416506280621,-1.427,0.522773082023398,0.272613028241386,2.31641414332195,5.73847477422103,3,11.2403421635513,2.69811074488644,0.0542810689066457
"57 59 61 64",0.851740027175046,0.675052507383901,2.10262993215139,0.158887157419475,3.93872187554087,26.9416506280621,2.296,0.402557808167204,0.303723350625415,2.04373302793591,5.16235509623848,1,4.57211391513392,2.47517500756137,1.08437924404525
"56 58 60 64",0.713211751073517,0.555940435146081,2.36643191323985,0.133458537807939,4.7839273215261,25.4295319690724,-0.459,0.461730745295113,0.332508940426592,2.16636048435861,5.2238224869151,7,10.1417298748832,2.5298284482354,0.245008295865939
"56 58 60 65",0.851740027175046,0.675052507383902,2.16024689946929,0.212760140428776,4.87744375108173,25.4295319690724,2.296,0.395434925209441,0.362936578829046,1.93655346695736,4.66867920451064,3,11.2403421635513,2.18199326330548,0.500955962059263
"56 58 60 66",0.716686045757288,0.559941365521434,2.29128784747792,0.163043030555255,4.74592654816484,25.4295319690724,-1.427,0.483501419139127,0.332298460046845,2.06753164181091,4.73665985682606,3,11.2403421635513,2.40741618892789,0.117901565695926
"55 57 59 66",0.751393406647986,0.64095561012541,2.22287572090485,0.176415888608148,3.93872187554087,24.0022820091254,-0.372,0.502737484426114,0.290614854517606,2.01255488632938,4.52912107515174,3,11.2403421635513,2.30677156103901,0.148515394308944
"55 57 59 67",0.879161456178333,0.61910156420523,2.12132034355964,0.295347562764898,3.54248125036058,24.0022820091254,-0.778,0.408727577397555,0.381997851487713,1.53854903854376,3.20067192976787,4,11.2403421635513,2.18024658648838,0.528229778547697
"57 59 62 63",0.719599648918748,0.620062636658239,2.36643191323985,0.0260976663907169,5.59400590385953,17.4622158046733,-0.243,0.554225366598221,0.103413913190375,2.29706988803046,5.87099377791616,12,11.2403421635513,2.406045485968,0.0085140363147761
"56 58 61 63",0.907772360666524,0.672732400497648,2.22287572090485,0.129415238252202,4.70792577480357,25.4295319690724,3.15,0.399769799447656,0.30580591451817,2.0360011306252,5.0893479713422,4,6.809525364708,2.89828767925433,0.988999520394623
"56 58 61 64",0.728916578223825,0.644295763132923,2.36643191323985,0.0715769852845336,5.4493718459691,25.4295319690724,1.779,0.391161351405941,0.270182634194829,2.07345260438781,5.06235868666086,3,6.75170579381918,3.29324591976845,0.689754523688003
"56 58 61 65",0.83411290484838,0.588306983990921,2.16024689946929,0.219306422220038,3.52368437626202,25.4295319690724,3.472,0.318650230449448,0.394622955315967,1.85285069541307,4.5196920558181,1,5.10261510946509,2.58213518876031,1.14160229487981
"55 57 60 65",0.851740027175046,0.675052507383901,2.10262993215139,0.091690852052679,4.10416639998386,24.0022820091254,2.296,0.383229127425336,0.286967766023106,1.95215732159279,4.52258214612961,1,4.52981905409889,2.88254562901845,1.11946559918027
"55 57 60 66",0.690686465348618,0.6227306588088,2.36643191323985,0.1174246926155,4.70792577480357,24.0022820091254,-0.035,0.448594730409528,0.298797068989071,1.97907317941214,4.43811091908811,3,9.63090425111722,2.64429288580699,0.27177311828589
"55 57 60 67",0.934734306954438,0.704141113533179,2.04939015319192,0.263450799315992,3.87744375108173,24.0022820091254,1.252,0.295420669630613,0.456423258510594,1.37631347323951,2.98200817843139,3,8.34997040565515,2.35722348825871,1.06859254335558
"56 58 62 63",0.792841884635678,0.678210185899313,2.29128784747792,0.0404830465503031,5.1172832549574,17.4622158046733,0.403,0.516416035389168,0.146437606988654,2.11586077848602,5.3316716288026,4,10.5471949829914,3.16305338499188,0.261976119509103
"56 58 62 64",0.671305647780641,0.539070950077029,2.36643191323985,0.105922168184172,4.7357660520405,25.4295319690724,-1.298,0.454808998407545,0.301523787653011,2.08297072722524,4.92916089757194,12,11.2403421635513,2.97629257363182,0.0836099390248921
"55 57 61 64",0.728916578223825,0.644295763132923,2.04939015319192,0.144918387734097,4.51352388013769,24.0022820091254,1.779,0.347430573463034,0.306878492374054,1.93411356774937,4.61797452383411,1,5.16960443554883,2.59815540922828,0.901759396772633
"55 57 61 65",0.713211751073517,0.555940435146081,2.36643191323985,0.173334231493996,4.69776527867924,24.0022820091254,-0.459,0.391698470529828,0.34662527727767,1.96272572046785,4.47556078534797,7,11.2403421635513,2.60081133139518,0.260439305116419
"55 57 61 66",0.712418541856751,0.617308583056918,2.36643191323985,0.116681654505158,5.1172832549574,24.0022820091254,-0.243,0.418784664683449,0.317633955499469,1.88173241365241,4.17601392433358,3,11.2403421635513,2.74539560032464,0.215147540863119
"54 56 60 66",0.802289788464619,0.631533057415607,2.04939015319192,0.33519530434507,4.40528402831866,22.6551374341554,-0.649,0.326579184601314,0.436251513028613,1.43185599481745,2.96805963875511,3,11.2403421635513,2.20812978536292,0.524485319966562
"55 57 62 63",0.792841884635679,0.678210185899313,2.29128784747792,0.0352839289962705,5.26064997042823,17.4622158046733,0.403,0.536155036998043,0.147008505988881,2.08307836251916,5.06677909217875,4,11.2403421635513,3.1386314265247,0.168153741626022
"55 57 62 64",0.907772360666524,0.672732400497648,2.22287572090485,0.162270071242917,4.37744375108173,24.0022820091254,3.15,0.360797408090282,0.393898643222464,1.78620282627455,4.22404419765523,4,8.46775344131154,3.1008372894846,0.904182340548928
"55 57 62 65",0.851740027175046,0.675052507383902,2.16024689946929,0.123303714956291,5.03840779852542,24.0022820091254,2.296,0.356915327887022,0.326060880641856,1.80937469411961,4.16324775980371,3,5.88375588887931,2.97435441054553,1.04129128948331
"54 56 61 65",0.801958787793059,0.706575278810353,2.16024689946929,0.16011162290244,3.43872187554087,22.6551374341554,1.45,0.390701266184112,0.380285670776992,1.80877045506344,4.01748216426349,1,5.37387410661802,2.882580482093,0.943444337598195
"54 56 61 66",1.05597977834256,0.763252924065916,1.98431348329844,0.229085711698026,3.43872187554087,22.6551374341554,1.898,0.258199494849772,0.490996941810916,1.21694692237433,2.56853048555624,4,6.00923354669673,2.71291956586331,1.55354755946896
"55 57 63 64",0.719599648918748,0.620062636658239,2.22287572090485,0.0548737125221411,5.86888982224726,18.500573190789,-0.243,0.541903556000332,0.163743844817025,2.0265907668007,4.75708466639486,8,11.2403421635513,2.54055954871477,0.0284754959018381
"54 56 62 64",0.716686045757288,0.559941365521434,2.29128784747792,0.0873240722207833,4.65689059560852,22.6551374341554,-1.427,0.495747904457715,0.296267866168434,2.04393811497934,4.45280285909363,3,11.2403421635513,3.1900367631817,0.0980621338341473
"54 56 62 65",0.620877376111481,0.549232913137562,2.54195563720897,0.0569722810352963,4.68016794670639,22.6551374341554,-0.889,0.467110698494197,0.241998153641186,1.96143237601515,4.2413767256955,7,11.2403421635513,3.02454718263817,-0.0260774136197661
"54 56 62 66",0.802289788464618,0.631533057415607,2.20139815711603,0.28550865233261,4.61440934524794,22.6551374341554,-0.649,0.326161696319321,0.460538005233087,1.36284746588798,2.79936983794655,3,11.2403421635513,2.32826163059423,0.525161655266708
"54 56 63 64",0.751393406647986,0.64095561012541,2.22287572090485,0.04338324547368,4.10416639998386,18.500573190789,-0.372,0.563671608756396,0.154258494035906,2.02320568457821,4.5525872681194,3,11.2403421635513,2.36931108385013,0.0498014877260654
"54 56 63 65",0.723176680602414,0.621537043992771,2.22287572090485,0.140300564699459,4.87744375108173,22.6551374341554,-0.164,0.476643261437113,0.314521174826961,1.86406438974133,3.95979131388268,3,11.2403421635513,2.84593684813529,0.140564685861342
"54 56 63 66",0.934734306954438,0.704141113533179,1.92506684375924,0.215232031610904,3.87744375108173,22.6551374341554,1.252,0.283693136611946,0.438183463556376,1.25066816904543,2.62802456476651,3,8.84244689075295,2.7294445974651,1.0436508090517
"54 56 64 65",0.651043182393322,0.547222968169105,2.44948974278318,0.0176121573886383,6.03840779852542,19.600674520134,-3.04,0.664777931018957,0.165560949234483,2.09971339949017,4.46380726931532,12,11.2403421635513,1.78878532781508,-0.292607526946768
"53 55 63 65",0.879161456178333,0.61910156420523,2.12132034355964,0.235549635931991,4.24592654816484,21.3836022743727,-0.778,0.398394852739784,0.360446479336525,1.42059745101222,2.82554452237663,4,8.84244689075295,2.43576608944957,0.758917421912012
"53 55 64 65",0.759117620523861,0.610642420173434,2.29128784747792,0.0655361533992927,3.43872187554087,19.600674520134,-1.416,0.513297870300937,0.19424675659963,1.49958712790182,3.10710235033228,4,11.2403421635513,2.41657769049108,0.145155971634831
"57 60 61 62",0.716183176770706,0.624640991381891,2.22287572090485,0.0323644067628973,6.51064997042823,15.5570656762735,-1.218,0.741399883371476,0.12258943107533,2.59913558402415,6.83164158870434,12,11.2403421635513,1.76102679888229,-0.300791660721059
"57 60 61 63",0.620877376111481,0.549232913137562,2.54195563720897,0.0301393385058033,4.83952542686021,15.5570656762735,-0.889,0.575095351836705,0.165437628358617,2.42011535412876,6.2348188416713,7,11.2403421635513,2.30681643934745,-0.201013659928297
"56 59 60 63",0.731509773320763,0.620325482817263,2.16024689946929,0.114763972300452,5.07192809488736,14.6839146725366,1.772,0.459719927923346,0.291908239382331,2.23356755129288,5.83351624405908,7,7.62942425090709,2.41058660881335,0.504991534090984
"56 59 60 64",0.754353510193137,0.636943902696878,2.16024689946929,0.111572735225512,4.9024101186092,14.6839146725366,1.564,0.462508906616328,0.27772161234068,2.16862907676248,5.51395708509788,7,11.2403421635513,2.16140500634273,0.218954861338292
"56 59 60 65",0.693042188490329,0.620735576199436,2.36643191323985,0.0995976215797402,5.43016794670639,14.6839146725366,0.933,0.459693001094125,0.30539626192764,2.09237578801145,5.22879378652537,7,11.2403421635513,2.22190467296603,0.11438718697672
"55 58 59 65",0.719599648918748,0.620062636658239,2.36643191323985,0.145454977301855,5.51064997042823,13.8597698690171,-0.243,0.485601685204061,0.297341196756181,2.08678790934175,5.09724067802227,12,11.2403421635513,2.05469483202567,0.119685104233937
"55 58 59 66",0.715761225865771,0.619526938245365,2.36643191323985,0.103485115370176,5.49144607116552,13.8597698690171,-0.25,0.54056011817569,0.253568154883676,2.07296613864585,4.91872041291878,7,11.2403421635513,2.25115909018303,0.0238197790726107
"55 58 59 67",0.768245513873647,0.609609079857975,2.20139815711603,0.258092874703982,4.82192809488736,13.8597698690171,-0.448,0.413732561696027,0.378438682789476,1.58569825368292,3.62181006226349,7,11.2403421635513,2.06177083625665,0.322699746140624
"56 59 61 62",0.690686465348618,0.6227306588088,2.22287572090485,0.0411636954670741,5.85872932612292,16.4821369405355,-0.035,0.580745107813874,0.135656936585332,2.42075899129683,6.17819253071102,3,11.2403421635513,1.93721069322495,-0.0859114751538308
"56 59 61 63",0.851740027175046,0.675052507383902,2.16024689946929,0.151411317900434,4.61440934524794,30.24098034881,2.296,0.401724673158986,0.325786314945349,2.09132258832609,5.23146421272215,3,7.05068742152489,2.80000698951345,0.86458201639912
"56 59 61 64",0.83411290484838,0.588306983990921,2.16024689946929,0.0779830288451042,4.01064997042823,30.24098034881,3.472,0.355947907439508,0.265903548400841,2.02349523670426,4.99621687770289,1,6.00923354669673,3.21531559172326,1.0002880376707
"55 58 60 64",0.728916578223825,0.644295763132923,2.04939015319192,0.161048081466152,4.26064997042823,28.5436845415537,1.779,0.361534725536905,0.327611700657714,2.03726327809328,4.88126956616042,1,6.01459548983812,2.64690335852635,0.803517496492575
"55 58 60 65",0.907772360666524,0.672732400497648,2.22287572090485,0.190138984070596,4.61888982224726,28.5436845415537,3.15,0.338156898341958,0.357038262841326,1.85204933638491,4.3838440629106,4,8.34997040565515,2.53271913651091,0.951369209110702
"55 58 60 66",0.719599648918748,0.620062636658239,2.22287572090485,0.111425978257209,5.86440934524794,28.5436845415537,-0.243,0.456320390471648,0.311160927806574,1.9929694813168,4.47839273411806,8,11.2403421635513,2.76962620206568,0.167121102118701
"54 57 59 66",0.934734306954438,0.704141113533179,1.92506684375924,0.315440419919873,4.01064997042823,26.9416506280621,1.252,0.28326466733351,0.457755254848082,1.43327600085337,3.15809661858084,3,9.63090425111722,2.17442405493275,0.973996036488153
"56 59 62 63",0.693042188490329,0.620735576199436,2.36643191323985,0.0999015047571065,5.17000745058205,17.4622158046733,0.933,0.468933562243408,0.212793464248488,2.17373960230222,5.56414161383257,7,11.2403421635513,2.41364909786659,0.0994173831091945
"55 58 61 63",0.728916578223825,0.644295763132923,2.04939015319192,0.0579101098197798,4.50048947430389,33.9443527452088,1.779,0.387384915194237,0.257281526267135,2.11838453647169,5.11614250696949,1,6.03633547647452,3.52684542181547,0.759700207108857
"55 58 61 64",0.573024701164251,0.509790800127309,2.89827534923789,0.0523153155589374,4.27824730240108,37.0841627681703,1.47,0.326681955472497,0.252844403101495,2.04403252610447,4.91544554753496,7,7.80635495906617,3.04626121754424,0.422636718954288
"55 58 61 65",0.728916578223825,0.644295763132923,2.36643191323985,0.195090476264568,4.85872932612292,37.0841627681703,1.779,0.297088827406728,0.403363730356664,1.86802369282261,4.43049669584683,3,6.11637818414806,2.6436081075374,0.898839108063077
"55 58 61 66",0.693042188490329,0.620735576199436,2.16024689946929,0.0669432478838882,5.08952542686021,37.0841627681703,0.933,0.376972910705847,0.294078590948599,1.9010346731197,4.30996973308141,7,9.0431175862151,3.28174432459137,0.444438570855128
"54 57 60 66",0.727581329514965,0.587538205311477,2.50998007960223,0.254691197813928,3.42000745058205,35.0027886441828,0.735,0.251985429420308,0.444959159433329,1.441477861775,3.13823450294815,3,6.13439668965074,2.47829927148128,0.967922761339447
"55 58 62 63",0.815233587107258,0.593204732098435,2.16024689946929,0.0773581332867802,3.32192809488736,17.4622158046733,2.418,0.442789425089746,0.223409404071917,2.04933617567189,5.10000226096281,1,6.90960882326499,2.77582189403831,0.745665542969687
"55 58 62 64",0.728916578223825,0.644295763132923,2.36643191323985,0.143136984528246,4.86440934524794,35.9627889954623,1.779,0.329087876428097,0.372585373766347,1.90464264028127,4.52378385497897,3,6.46121867043979,3.23271421172941,0.816232457508785
"54 57 61 64",0.83411290484838,0.588306983990921,2.16024689946929,0.154362346929905,3.68016794670639,35.0027886441828,3.472,0.264714428574696,0.408533759356639,1.8029890869785,4.26925627557243,1,2.65045628674164,3.02155943311457,1.44776895260425
"54 57 61 65",0.754353510193137,0.636943902696877,2.36643191323985,0.159424601498715,5.57192809488736,35.0027886441828,1.564,0.336656145766384,0.410285401101888,1.83890049504507,4.15273551450091,7,8.4071288194951,2.96448193458575,0.675626734954057
"54 57 61 66",0.928588602237831,0.702134069832943,2.04939015319192,0.26124751887785,3.32192809488736,35.0027886441828,2.22,0.171470265631926,0.554556720695867,1.23505111388367,2.73760845254697,3,2.27105476343291,2.70698935412454,1.80083649763374
"55 58 63 64",0.693042188490329,0.620735576199436,2.16024689946929,0.0683054503368882,5.09113199415007,18.500573190789,0.933,0.474410527101747,0.233200365665616,2.04140028405389,4.85245724474409,7,11.2403421635513,2.61613705501407,0.0905446438464913
"54 57 62 64",0.851740027175046,0.675052507383901,2.10262993215139,0.140040528778399,3.51064997042823,35.0027886441828,2.296,0.353517233645235,0.347628025007707,1.85933002353599,4.21137513895454,1,7.12946829937801,3.00304429178583,0.935649460159583
"54 57 62 65",0.731509773320763,0.620325482817263,2.16024689946929,0.063177325529963,5.1524101186092,35.0027886441828,1.772,0.377308973566869,0.278026716980757,1.88980114672914,4.17647167851763,7,11.2403421635513,3.19895123184413,0.316319519982864
"54 57 62 66",0.928588602237831,0.702134069832941,1.87082869338697,0.324997946924669,2.32192809488736,35.0027886441828,2.22,0.203675862591876,0.500821659739587,1.27919038812968,2.76828940752199,1,4.06715042106472,2.55650173458636,1.5884092232448
"54 57 63 64",0.690686465348618,0.6227306588088,2.36643191323985,0.0922396775777342,4.36888982224726,18.500573190789,-0.035,0.482946982536276,0.239359570763033,1.98922909733272,4.57383681819265,3,11.2403421635513,2.28409234721625,0.072522491178494
"54 57 63 65",0.620877376111481,0.549232913137561,2.36643191323985,0.0803002589145497,5.5339273215261,35.0027886441828,-0.889,0.448347581102146,0.336949715462802,1.94306466465319,4.15756353691714,7,11.2403421635513,3.47458174077703,0.00431902905992521
"53 56 62 65",0.727581329514965,0.587538205311477,2.50998007960223,0.184283397992959,3.76064997042823,33.0382330734706,0.735,0.232948828315589,0.425908423090342,1.37242163499575,2.95194188427424,3,8.4071288194951,2.74807698331487,0.79598121625614
"53 56 63 64",0.716183176770707,0.624640991381892,2.36643191323985,0.075635951624766,6.01064997042823,18.500573190789,-1.218,0.573626711852785,0.228394660561779,2.0353669512131,4.4489799651598,12,11.2403421635513,2.26440130343406,-0.0289974015529
"53 56 63 65",0.934734306954438,0.704141113533179,2.04939015319192,0.245253894148429,2.93016794670639,33.0382330734706,1.252,0.261110469108938,0.476066210618102,1.28679092224333,2.72006389645403,3,8.1958197258279,2.98959254329291,1.13792927790157
"53 56 64 65",0.768245513873647,0.609609079857975,2.20139815711603,0.116194514075249,5.32192809488736,19.600674520134,-0.448,0.428107998350116,0.280671030369649,1.47758408326277,3.17532939916287,7,11.2403421635513,2.37289304708407,0.299411391272862
"56 60 61 62",0.70305787527733,0.62355296685609,2.36643191323985,0.0472909937768808,6.44776527867924,15.5570656762735,-2.265,0.731280860589046,0.180897232177073,2.51636820358019,6.49013445183919,12,11.2403421635513,1.81713001330416,-0.307760774255281
"56 60 61 63",0.801958787793059,0.706575278810353,2.16024689946929,0.111355385458377,3.76920389926271,15.5570656762735,1.45,0.503470284461914,0.257554534296277,2.18671646948692,5.63063443459382,1,7.2700502499992,2.2773498716943,0.591573966461937
"56 60 61 64",0.754353510193137,0.636943902696877,2.36643191323985,0.0636586354144214,5.90689059560852,15.5570656762735,1.564,0.450252665384368,0.246727462477525,2.12776307128454,5.40444664725875,7,9.0431175862151,2.71017621009588,0.434854086643213
"55 59 60 64",0.815233587107258,0.593204732098435,2.16024689946929,0.132278147584454,3.58496250072116,14.6839146725366,2.418,0.41139654263134,0.313614008125253,2.0282930119185,5.07056704869979,1,8.67539280608978,2.35154624782596,0.638972970378659
"55 59 60 65",0.792841884635678,0.678210185899313,2.29128784747792,0.104371787449691,5.03840779852542,14.6839146725366,0.403,0.451498629999862,0.281354743123655,1.99663279886036,4.84312152928192,4,11.2403421635513,2.2056202219865,0.305297989515174
"55 59 60 66",0.768208277291536,0.593454267320329,2.36643191323985,0.119514565014494,4.76920389926271,14.6839146725366,-0.443,0.496436501735973,0.300378930570392,1.93348725454795,4.59393947218875,4,11.2403421635513,2.25910697395655,0.188652236483253
"54 58 59 66",0.898206959300817,0.709916008353518,2.04939015319192,0.232249217280964,3.58496250072116,13.8597698690171,0.198,0.364357540207649,0.424994219934857,1.48585427296723,3.50070803099857,3,11.2403421635513,2.14182833131645,0.634009235045865
"56 60 62 63",0.712418541856751,0.617308583056918,2.16024689946929,0.0849133356496904,4.67856137941653,17.4622158046733,-0.243,0.528878563587568,0.22014671085073,2.21101965732759,5.60034376766932,1,8.84244689075295,2.11078250103858,0.250742818512215
"55 59 61 63",0.713211751073517,0.555940435146081,2.36643191323985,0.0953325828267626,4.69328480167992,30.24098034881,-0.459,0.438423444678787,0.313803562377685,2.16246713559393,5.15742163270604,7,9.44858269432326,3.01662665883374,0.344611354750883
"55 59 61 64",0.728916578223825,0.644295763132923,2.36643191323985,0.124659372381926,5.1172832549574,30.24098034881,1.779,0.340552167279284,0.306459546663521,1.98283629984227,4.74846662293358,3,8.46775344131154,2.68912651576081,0.618630205096511
"55 59 61 65",0.671305647780641,0.539070950077029,2.36643191323985,0.168278345199201,4.65528402831866,30.24098034881,-1.298,0.374438953776984,0.347479236184329,1.96038119521063,4.5334977550774,12,8.60128483393606,2.56678396811584,0.449276073490305
"54 58 60 65",0.792841884635679,0.678210185899313,2.29128784747792,0.159811098125523,4.92856137941653,28.5436845415537,0.403,0.392134110313348,0.324289160709598,1.86106349454282,4.21025293759525,4,11.2403421635513,2.5817802684997,0.401469120471425
"54 58 60 66",0.802289788464618,0.631533057415607,2.20139815711603,0.258539951643454,4.11280277795808,28.5436845415537,-0.649,0.302981328606991,0.452535640554464,1.44754118347705,3.1315283926288,3,11.2403421635513,2.48688633864071,0.562714088785059
"55 59 62 63",0.754353510193137,0.636943902696878,2.16024689946929,0.0741822628636474,4.57192809488736,17.4622158046733,1.564,0.444390607717207,0.232758510843547,2.09597614090944,5.23163513034938,7,11.2403421635513,2.58394360322239,0.24830669144377
"55 59 62 64",0.83411290484838,0.588306983990921,2.16024689946929,0.123835079375222,3.68872187554087,35.9627889954623,3.472,0.293520741377794,0.370022403117656,1.84600378013438,4.44715867402761,1,4.50813145708411,3.24235615593396,1.2353542159676
"54 58 61 64",0.728916578223825,0.644295763132923,2.04939015319192,0.0923361033475774,4.43016794670639,44.1007502178271,1.779,0.292291284903645,0.354928820962072,1.89872936471327,4.4620806432221,1,2.61053482776595,3.27638602213264,1.21941466589392
"54 58 61 65",0.815233587107258,0.593204732098435,2.16024689946929,0.153051458380088,3,44.1007502178271,2.418,0.29037197696277,0.438366019130864,1.73001978677949,4.00302476894858,1,3.7684100853062,3.15556182271353,1.27285200633661
"54 58 61 66",0.928588602237831,0.702134069832941,1.87082869338697,0.300021847095883,2,44.1007502178271,2.22,0.172928750778887,0.525518775809855,1.24652039314835,2.82457633594549,1,0.780243332100067,2.4852210947189,1.93148909734064
"54 58 62 63",0.754353510193137,0.636943902696877,2.36643191323985,0.0701417602957814,5.82640857188668,17.4622158046733,1.564,0.440714466490359,0.252679000846209,2.06524816793888,4.9263132005162,7,11.2403421635513,2.59648271459449,0.25426207794749
"54 58 62 64",0.713211751073517,0.555940435146081,2.36643191323985,0.0902508365448294,4.61440934524794,35.9627889954623,-0.459,0.370133176302537,0.35656423696188,1.96359115692237,4.4064681402271,7,6.96367604453526,3.43124836711239,0.676954270061646
"54 58 62 65",0.754353510193137,0.636943902696878,2.16024689946929,0.113110471847181,4.49144607116552,48.0846694032278,1.564,0.320063891091608,0.348558678013438,1.78944129411519,4.02902956658819,7,9.294432014496,2.9916374989124,0.62333809276502
"53 57 61 65",0.863664232550099,0.614699522067637,2.20139815711603,0.316888622398852,4.32192809488736,45.3858842834981,1.158,0.201128034468322,0.490424884189043,1.35676244741954,2.95234248957119,7,7.55146270943738,2.47631589458052,1.16609389799227
"54 58 63 64",0.712418541856751,0.617308583056918,2.36643191323985,0.086147074939568,5.03840779852542,18.500573190789,-0.243,0.463779427957177,0.290883024434686,1.98985993396557,4.56456274049069,3,11.2403421635513,2.47236070417372,0.14225556272544
"54 58 63 65",0.801958787793059,0.706575278810353,2.29128784747792,0.149470379590892,4.43872187554087,38.101247710923,1.45,0.355319001390484,0.404111971085537,1.73907451528571,3.80575434601319,3,11.2403421635513,3.01442868882163,0.47733736598889
"53 57 62 65",0.928588602237831,0.702134069832943,2.04939015319192,0.236460715520258,3.58496250072116,45.3858842834981,2.22,0.185681330535038,0.487521400016495,1.29126424810268,2.84007313522782,3,5.54324867704591,2.76457008405061,1.48585794966391
"53 57 63 64",0.70305787527733,0.62355296685609,2.36643191323985,0.0808677736186429,5.59968592298455,18.500573190789,-2.265,0.540197021265029,0.282675434631722,1.98428447963568,4.36164519163665,12,11.2403421635513,2.35320561169951,0.00179700591872234
"53 57 63 65",0.802289788464619,0.631533057415607,2.04939015319192,0.206916048091304,4.0339273215261,38.101247710923,-0.649,0.275349015920747,0.442132584950424,1.35626503954812,2.87087241761994,3,11.2403421635513,2.78507766308415,0.607478718836913
"53 57 64 65",0.898206959300817,0.709916008353518,2.04939015319192,0.147919363016404,3,19.600674520134,0.198,0.36790803702521,0.364311380923918,1.34220443680334,2.98526557736549,3,10.1417298748832,2.67634959001762,0.726279388155963
"55 60 61 62",0.759801626740419,0.690359410324648,2.29128784747792,0.0963507711375122,6.52824730240108,15.5570656762735,-1.411,0.706332248908357,0.218276867091248,2.37425214640262,6.08181104255847,12,11.2403421635513,1.84163155990827,-0.166344223363355
"55 60 61 63",0.712418541856751,0.617308583056918,2.36643191323985,0.0699205896427783,5.35872932612292,15.5570656762735,-0.243,0.55357588637249,0.227282436718498,2.24933858009455,5.56102829994412,3,11.2403421635513,2.25658262895764,-0.00321562119502117
"55 60 61 64",0.693042188490329,0.620735576199436,2.16024689946929,0.0801279035473334,4.84400590385953,15.5570656762735,0.933,0.448263755614919,0.263943468513415,2.07858169776234,5.16113283785586,7,11.2403421635513,2.59307346457177,0.132902681914037
"54 59 60 64",0.792841884635679,0.678210185899313,2.29128784747792,0.126165301523145,5.17448792758137,14.6839146725366,0.403,0.452329311832427,0.296394794343353,2.02137791064851,4.87882758356614,4,11.2403421635513,2.16494242093867,0.303952276423846
"54 59 60 65",0.740980563989747,0.570429584445242,2.36643191323985,0.0769843887361987,6.19776527867924,14.6839146725366,-1.282,0.520105219325842,0.27502842016136,1.99701695293845,4.67727504156288,12,11.2403421635513,2.43470051876113,0.101845420895038
"54 59 60 66",0.842879489623361,0.685685156085516,2.04939015319192,0.221154982637218,4.77824730240108,14.6839146725366,-0.641,0.371293091339303,0.446032162002163,1.45474665808648,3.47380896197484,4,9.63090425111722,2.18418971527163,0.667894526684672
"55 60 62 63",0.801958787793059,0.706575278810353,2.29128784747792,0.115093945643359,4.76064997042823,17.4622158046733,1.45,0.517742439452141,0.247040323837536,2.12473375927459,5.27227372955255,3,10.5471949829914,1.99655638637138,0.276054722667786
"54 59 61 63",0.851740027175046,0.675052507383901,2.10262993215139,0.145686249006584,3.51920389926271,30.24098034881,2.296,0.375541892990698,0.35718510325209,1.9654974457488,4.65542802029473,1,7.2700502499992,3.03885759239815,0.887426077392133
"54 59 61 64",0.907772360666524,0.672732400497648,2.22287572090485,0.100530470289965,4.53840779852542,30.24098034881,3.15,0.320790874065021,0.340051456870901,1.82890313437126,4.30284635621703,4,4.76954265976872,3.27145192793094,1.29896051398308
"54 59 61 65",0.792841884635678,0.678210185899313,2.29128784747792,0.148879073504524,4.70344529780426,30.24098034881,0.403,0.382351480687615,0.403244989657268,1.8137472850877,4.11377046577546,4,11.2403421635513,3.02384739110114,0.417317080832278
"53 58 60 65",1.05597977834256,0.763252924065916,1.98431348329844,0.316966000570847,3.01920389926271,28.5436845415537,1.898,0.214233590636884,0.546754278604666,1.25916474566531,2.91594698792361,4,4.39446228828727,2.49228089264984,1.76884826119395
"54 59 62 63",0.731509773320763,0.620325482817263,2.16024689946929,0.0537634940532693,4.90689059560852,17.4622158046733,1.772,0.456945026472408,0.248643074416863,2.10325812909662,5.06569070749906,7,11.2403421635513,2.18749178643643,0.187308297231282
"54 59 62 64",0.851740027175046,0.675052507383902,2.16024689946929,0.0918293672968044,4.6993718459691,35.9627889954623,2.296,0.349195418606823,0.312808674925259,1.89632229269568,4.33758759687204,3,8.84244689075295,3.18765915539487,0.789812960568212
"54 59 62 65",0.693042188490329,0.620735576199436,2.36643191323985,0.0474950414237934,5.26064997042823,46.7231172893455,0.933,0.362606047959363,0.301957551246249,1.87572615853871,4.23012900706509,7,11.2403421635513,2.77765853176895,0.271669047141214
"53 58 61 65",0.928588602237831,0.702134069832943,2.04939015319192,0.253054035992057,3.90689059560852,44.1007502178271,2.22,0.184741400459322,0.538689271575142,1.31517332359032,3.03464355691896,3,5.68351410185178,2.68274488781896,1.47486567889912
"54 59 63 64",0.801958787793059,0.706575278810353,2.16024689946929,0.107074628145711,3.35416639998386,18.500573190789,1.45,0.432746811943581,0.297758894776486,1.93123943531149,4.50133771140162,1,11.2403421635513,2.36352515294405,0.35190351850424
"53 58 62 64",0.712418541856751,0.617308583056918,2.16024689946929,0.0925254721394552,4.26920389926271,35.9627889954623,-0.243,0.400437128488524,0.37416979644646,1.90850066174262,4.15039739629947,1,11.2403421635513,3.54837079007125,0.244870737739713
"53 58 62 65",0.928588602237831,0.702134069832941,1.87082869338697,0.249659974809706,1.58496250072116,55.5634635155963,2.22,0.158333782854391,0.51854929208694,1.25819597992507,2.92464283619848,1,3.66938358038231,2.83078447583157,1.69735399314972
"53 58 63 64",0.759801626740419,0.690359410324648,2.29128784747792,0.0562877968451851,6.61888982224726,18.500573190789,-1.411,0.537203823024695,0.302622724591194,1.97612195706392,4.36338620703454,12,11.2403421635513,2.10456308367377,0.107645561780604
"53 58 63 65",1.05597977834256,0.763252924065916,1.98431348329844,0.246150643327112,3.53840779852542,38.101247710923,1.898,0.212217971003699,0.514643078324047,1.21956647461698,2.75107503961609,4,6.92285405001501,2.94794625188589,1.5465217134428
"52 57 63 64",0.842879489623362,0.685685156085515,2.04939015319192,0.118625232456181,4.26920389926271,18.500573190789,-0.641,0.372172139414783,0.374994764601444,1.40600470860633,3.22523075529044,4,11.2403421635513,2.6673061351414,0.522870833566453
"54 60 61 62",0.70305787527733,0.62355296685609,2.36643191323985,0.0571667528228036,5.67000745058205,15.5570656762735,-2.265,0.730679261863681,0.220512548830937,2.38515771878265,5.94121905835247,12,11.2403421635513,1.63029658821302,-0.306786178147949
"54 60 61 63",0.690686465348618,0.6227306588088,2.36643191323985,0.0847720329003922,4.6172832549574,15.5570656762735,-0.035,0.526246500308804,0.252106790261617,2.14975528574517,5.2498575262366,3,11.2403421635513,2.32486492649282,0.00237682814552331
"54 60 61 64",0.719599648918748,0.620062636658239,2.22287572090485,0.0777209654926303,5.77824730240108,15.5570656762735,-0.243,0.46405462802506,0.295303147909437,2.02203492778706,4.90633540984308,8,11.2403421635513,2.48639271797083,0.154591557930964
"54 60 61 65",0.768208277291536,0.593454267320329,2.36643191323985,0.08633157164383,4.92856137941653,15.5570656762735,-0.443,0.486894397410634,0.317253671687748,1.90017434912778,4.50543201358734,4,11.2403421635513,2.63389673429964,0.204110543389743
"53 59 60 65",0.842879489623362,0.685685156085515,2.04939015319192,0.244475561160075,4.00904340313837,14.6839146725366,-0.641,0.364731895183236,0.449991959000436,1.43443486757538,3.45110701170922,4,11.2403421635513,2.2081035901165,0.534924105556475
"54 60 62 63",0.620877376111481,0.549232913137561,2.36643191323985,0.0310790590416616,5.52824730240108,17.4622158046733,-0.889,0.565849023831747,0.233137348360247,2.22940214295751,5.29715214540601,7,11.2403421635513,1.32013710862045,-0.186034513695412
"54 60 62 64",0.716686045757288,0.559941365521434,2.29128784747792,0.143870700153155,4.31624807576234,32.039202616809,-1.427,0.450658562608093,0.355725893490352,2.03134025997601,4.57810858246318,3,11.2403421635513,2.58806006507564,0.171107330235127
"53 59 61 64",0.719599648918748,0.620062636658239,2.36643191323985,0.0704480928056054,5.33952542686021,30.24098034881,-0.243,0.437472225389417,0.290872752795636,1.97775170004201,4.39964127152076,12,11.2403421635513,2.44044618378405,0.197655322929049
"53 59 61 65",0.802289788464619,0.631533057415607,2.04939015319192,0.263678589375704,3.52376682540176,30.24098034881,-0.649,0.299248099718026,0.469829260873151,1.43821748541296,3.21352717356382,3,11.2403421635513,2.40549866743953,0.568761957887112
"53 59 62 63",0.620877376111481,0.549232913137562,2.54195563720897,0.0429921192434832,4.34400590385953,17.4622158046733,-0.889,0.497435912873245,0.255099598949806,2.1383461545833,4.97012315703313,7,11.2403421635513,1.72421029369533,-0.0752045720424143
"53 59 62 64",0.690686465348618,0.6227306588088,2.22287572090485,0.0514995584626641,5.6172832549574,35.9627889954623,-0.035,0.414826746276277,0.328609820731808,1.93613231994913,4.26723961815137,3,11.2403421635513,2.74147593724194,0.1828779728151
"53 59 62 65",0.727581329514965,0.587538205311477,2.50998007960223,0.234351705278385,3.69776527867924,46.7231172893455,0.735,0.223403135256004,0.450199712940546,1.38379750786303,3.19388019649336,3,8.60128483393606,2.48213867487679,0.794122064714481
"53 59 63 64",0.70305787527733,0.62355296685609,2.36643191323985,0.0606366905503393,6.19776527867924,18.500573190789,-2.265,0.541498582494567,0.300345118787205,2.01240198084305,4.48588394315242,12,11.2403421635513,1.96293878482415,-0.00031153662679817
"52 58 62 64",0.802289788464618,0.631533057415607,2.20139815711603,0.197624428169837,3.4857660520405,35.9627889954623,-0.649,0.276888304013477,0.460659368130212,1.40996732154807,3.12264796564174,3,11.2403421635513,2.99659213649121,0.604985056334005
"52 58 63 64",0.842879489623361,0.685685156085516,2.04939015319192,0.0877051542144604,5.00904340313837,18.500573190789,-0.641,0.391373278654144,0.355614511441185,1.43473076752144,3.2921988340043,4,11.2403421635513,2.51090045945956,0.491764791000133
"54 61 62 63",0.716183176770707,0.624640991381892,2.36643191323985,0.04991808673404,6.01064997042823,16.4821369405355,-1.218,0.707345212707136,0.259335003483243,2.27943260937167,5.56156012518293,12,11.2403421635513,1.40981761660128,-0.245622744853012
"53 60 61 63",0.751393406647986,0.64095561012541,2.22287572090485,0.0556337879416415,4.26064997042823,15.5570656762735,-0.372,0.557748466469366,0.274964013773321,2.14891305104207,5.0724975736809,3,11.2403421635513,1.90314386806042,0.0593970390009091
"53 60 61 64",0.715761225865771,0.619526938245365,2.36643191323985,0.0609200593891192,5.07192809488736,15.5570656762735,-0.25,0.52069703545424,0.299580598855796,2.02591469485074,4.75419502903264,7,11.2403421635513,2.03250189063908,0.0559981768712775
"53 60 61 65",0.898206959300817,0.709916008353518,2.04939015319192,0.296306376473543,3.32192809488736,15.5570656762735,0.198,0.353748478943803,0.465176464769348,1.41693377942314,3.47100445474464,3,10.5471949829914,2.1161108406056,0.713041015899253
"53 60 62 63",0.723176680602414,0.621537043992771,2.22287572090485,0.0700840871654396,5.03840779852542,17.4622158046733,-0.164,0.546300966337368,0.296343793950077,2.11952136983711,4.9526492988259,3,11.2403421635513,1.69244247154958,0.0277184892535037
"53 60 62 64",0.751393406647986,0.64095561012541,2.36643191323985,0.0957773857762567,4.29248125036058,32.039202616809,-0.372,0.456250946382332,0.401108013481174,1.92618148862238,4.25882530762833,3,11.2403421635513,3.18870141940575,0.223824062879322
"53 60 62 65",0.934734306954438,0.704141113533179,2.04939015319192,0.375771221076828,2.93872187554087,32.039202616809,1.252,0.236102904523013,0.512839345906852,1.30439997573773,3.08838940963926,3,10.5471949829914,2.25566406245201,0.968643942650914
"52 59 62 63",0.716183176770706,0.624640991381891,2.22287572090485,0.0796526224884404,6.18016794670639,17.4622158046733,-1.218,0.545209288709655,0.33979921752221,2.07010986212349,4.70220960551717,12,11.2403421635513,2.02756099007625,0.0170391154941334
"52 59 62 64",0.934734306954438,0.704141113533179,1.92506684375924,0.298595667030262,3.68016794670639,35.9627889954623,1.252,0.241961596028543,0.49672632618255,1.33138786479005,3.10994120142071,3,6.59595126440995,2.39882971442777,1.3116964553996
"52 59 63 64",0.898206959300817,0.709916008353518,2.04939015319192,0.223236598439131,3,18.500573190789,0.198,0.346351712351328,0.446404977318562,1.36479967633603,3.28514758404925,3,11.2403421635513,2.17871576261329,0.663178860908085
"53 61 62 63",0.651043182393322,0.547222968169105,2.44948974278318,0.0380870188811241,5.6993718459691,16.4821369405355,-3.04,0.763520142591113,0.285652641608431,2.37292774552123,5.549909852687,12,11.2403421635513,1.29355805756543,-0.452570922762349
"53 61 62 64",0.621098311109278,0.522359002525111,2.54195563720897,0.0391879882577154,5.68016794670639,16.4821369405355,-1.864,0.624904378223618,0.299069885174165,2.17669898721508,4.94039768543136,7,11.2403421635513,1.42145832140143,-0.28131154627943
"52 60 61 64",0.768245513873647,0.609609079857975,2.20139815711603,0.214079441617965,4.90689059560852,15.5570656762735,-0.448,0.40260894601167,0.406330290320634,1.59669164232876,3.87412243757331,7,11.2403421635513,1.94687776834276,0.340720117674604
"52 60 62 63",0.651043182393322,0.547222968169106,2.44948974278318,0.0386900947087954,6.01064997042823,17.4622158046733,-3.04,0.670140056993022,0.290175710315965,2.25338238470267,5.01385353039984,12,11.2403421635513,1.29355805756543,-0.301294226038733
"52 60 62 64",0.879161456178333,0.61910156420523,2.12132034355964,0.252434030044281,3.11440934524794,32.039202616809,-0.778,0.355838688102042,0.448367428061768,1.50738082894774,3.42589814382222,4,11.2403421635513,2.46035161589128,0.61391032183229
"52 60 63 64",0.768245513873647,0.609609079857975,2.20139815711603,0.118371466300831,4.82192809488736,18.500573190789,-0.448,0.411438662952583,0.350696839316939,1.5405773093712,3.68833282719427,7,11.2403421635513,2.10252758428045,0.32641588563979
"52 61 62 63",0.605158702580908,0.523491557266986,2.64575131106459,0.0410943358113857,6.78840779852542,16.4821369405355,-4.854,0.836933930662541,0.308207518585393,2.39933012764397,5.44770434107647,12,11.2403421635513,1.29355805756543,-0.653172882446877
"52 61 62 64",0.759117620523861,0.610642420173434,2.29128784747792,0.182542670552346,3.53840779852542,16.4821369405355,-1.416,0.468465770081475,0.377776394248462,1.64280507179446,3.97535861599784,4,11.2403421635513,1.88752566821672,0.21778443395572
"51 60 62 63",0.759117620523861,0.610642420173435,2.29128784747792,0.12630099725568,4.43872187554087,17.4622158046733,-1.416,0.488599628395501,0.338895118122493,1.66151771800925,3.97476938613117,4,11.2403421635513,1.95945219873523,0.185167376918995
"51 61 62 63",0.743182429003022,0.604909608600869,2.29128784747792,0.092954839767067,6.18016794670639,16.4821369405355,-3.438,0.672042742432265,0.335548705652556,1.81666721101559,4.45326124924254,12,11.2403421635513,1.50867820716502,-0.140375773811666
